Datetime,Water Level (m)
2025-07-24 00:00:00,0.6059784
2025-07-24 01:00:00,1.0638014
2025-07-24 02:00:00,1.4516028
2025-07-24 03:00:00,1.7242062
2025-07-24 04:00:00,1.7417364
2025-07-24 05:00:00,1.4179786
2025-07-24 06:00:00,0.9010945
2025-07-24 07:00:00,0.43267262
2025-07-24 08:00:00,0.10858981
2025-07-24 09:00:00,-0.04294137
2025-07-24 10:00:00,-0.018221473
2025-07-24 11:00:00,0.20334281
2025-07-24 12:00:00,0.5859182
2025-07-24 13:00:00,1.0042014
2025-07-24 14:00:00,1.3297666
2025-07-24 15:00:00,1.565557
2025-07-24 16:00:00,1.5971823
2025-07-24 17:00:00,1.3339642
2025-07-24 18:00:00,0.8782595
2025-07-24 19:00:00,0.40825364
2025-07-24 20:00:00,0.051097706
2025-07-24 21:00:00,-0.15050393
2025-07-24 22:00:00,-0.101082765
2025-07-24 23:00:00,0.16186807
2025-07-25 00:00:00,0.57274455
2025-07-25 01:00:00,1.0471764
2025-07-25 02:00:00,1.4769764
2025-07-25 03:00:00,1.8371216
2025-07-25 04:00:00,2.016981
2025-07-25 05:00:00,1.8944472
2025-07-25 06:00:00,1.4328246
2025-07-25 07:00:00,0.860016
2025-07-25 08:00:00,0.35781506
2025-07-25 09:00:00,-0.009378827
2025-07-25 10:00:00,-0.20098428
2025-07-25 11:00:00,-0.12289388
2025-07-25 12:00:00,0.13915683
2025-07-25 13:00:00,0.5500894
2025-07-25 14:00:00,0.9498374
2025-07-25 15:00:00,1.2808794
2025-07-25 16:00:00,1.4720373
2025-07-25 17:00:00,1.4294688
2025-07-25 18:00:00,1.073468
2025-07-25 19:00:00,0.5696869
2025-07-25 20:00:00,0.11442548
2025-07-25 21:00:00,-0.20707294
2025-07-25 22:00:00,-0.3382967
2025-07-25 23:00:00,-0.2298503
2025-07-26 00:00:00,0.06104035
2025-07-26 01:00:00,0.5293278
2025-07-26 02:00:00,1.0098758
2025-07-26 03:00:00,1.4236174
2025-07-26 04:00:00,1.7397016
2025-07-26 05:00:00,1.8205945
2025-07-26 06:00:00,1.5438174
2025-07-26 07:00:00,0.9852194
2025-07-26 08:00:00,0.41774225
2025-07-26 09:00:00,-0.02251734
2025-07-26 10:00:00,-0.30556697
2025-07-26 11:00:00,-0.3879381
2025-07-26 12:00:00,-0.21393949
2025-07-26 13:00:00,0.12715074
2025-07-26 14:00:00,0.5728219
2025-07-26 15:00:00,0.9495983
2025-07-26 16:00:00,1.2457608
2025-07-26 17:00:00,1.3886083
2025-07-26 18:00:00,1.2491269
2025-07-26 19:00:00,0.81302285
2025-07-26 20:00:00,0.30869758
2025-07-26 21:00:00,-0.093624294
2025-07-26 22:00:00,-0.3486346
2025-07-26 23:00:00,-0.40870637
2025-07-27 00:00:00,-0.22653215
2025-07-27 01:00:00,0.13575867
2025-07-27 02:00:00,0.6228883
2025-07-27 03:00:00,1.066865
2025-07-27 04:00:00,1.4407723
2025-07-27 05:00:00,1.6761817
2025-07-27 06:00:00,1.631192
2025-07-27 07:00:00,1.2309612
2025-07-27 08:00:00,0.653245
2025-07-27 09:00:00,0.14667596
2025-07-27 10:00:00,-0.22931056
2025-07-27 11:00:00,-0.4335834
2025-07-27 12:00:00,-0.38952288
2025-07-27 13:00:00,-0.12998451
2025-07-27 14:00:00,0.26107478
2025-07-27 15:00:00,0.687175
2025-07-27 16:00:00,1.0271542
2025-07-27 17:00:00,1.2649125
2025-07-27 18:00:00,1.3143164
2025-07-27 19:00:00,1.0593086
2025-07-27 20:00:00,0.58555925
2025-07-27 21:00:00,0.120613135
2025-07-27 22:00:00,-0.22304362
2025-07-27 23:00:00,-0.41718072
2025-07-28 00:00:00,-0.387785
2025-07-28 01:00:00,-0.12420524
2025-07-28 02:00:00,0.29338986
2025-07-28 03:00:00,0.7587729
2025-07-28 04:00:00,1.157521
2025-07-28 05:00:00,1.4623208
2025-07-28 06:00:00,1.5729291
2025-07-28 07:00:00,1.3563362
2025-07-28 08:00:00,0.86304384
2025-07-28 09:00:00,0.3493636
2025-07-28 10:00:00,-0.07122183
2025-07-28 11:00:00,-0.3603857
2025-07-28 12:00:00,-0.45908892
2025-07-28 13:00:00,-0.29648125
2025-07-28 14:00:00,0.008174751
2025-07-28 15:00:00,0.42513445
2025-07-28 16:00:00,0.8105255
2025-07-28 17:00:00,1.1132797
2025-07-28 18:00:00,1.2848707
2025-07-28 19:00:00,1.2043486
2025-07-28 20:00:00,0.8414423
2025-07-28 21:00:00,0.3775254
2025-07-28 22:00:00,-0.01039771
2025-07-28 23:00:00,-0.2764248
2025-07-29 00:00:00,-0.37415564
2025-07-29 01:00:00,-0.23290302
2025-07-29 02:00:00,0.07607831
2025-07-29 03:00:00,0.49975413
2025-07-29 04:00:00,0.9062459
2025-07-29 05:00:00,1.2396514
2025-07-29 06:00:00,1.4473675
2025-07-29 07:00:00,1.4035676
2025-07-29 08:00:00,1.057093
2025-07-29 09:00:00,0.5697829
2025-07-29 10:00:00,0.13531862
2025-07-29 11:00:00,-0.19940299
2025-07-29 12:00:00,-0.38957122
2025-07-29 13:00:00,-0.36914885
2025-07-29 14:00:00,-0.14162104
2025-07-29 15:00:00,0.21129726
2025-07-29 16:00:00,0.6031658
2025-07-29 17:00:00,0.9190976
2025-07-29 18:00:00,1.1698123
2025-07-29 19:00:00,1.2244512
2025-07-29 20:00:00,1.0132353
2025-07-29 21:00:00,0.6185766
2025-07-29 22:00:00,0.23909086
2025-07-29 23:00:00,-0.05638988
2025-07-30 00:00:00,-0.2399777
